<?xml version="1.0" encoding="UTF-8"?>
<project-private xmlns="http://www.netbeans.org/ns/project-private/1">
    <editor-bookmarks xmlns="http://www.netbeans.org/ns/editor-bookmarks/2" lastBookmarkId="0"/>
    <open-files xmlns="http://www.netbeans.org/ns/projectui-open-files/2">
        <group>
            <file>file:/C:/RepoPersonal/clasesjavaPOO/TrabajoExtra_Jorge_Saavedra/src/trabajoextra_jorge_saavedra/Ejercicio_Cuatro.java</file>
            <file>file:/C:/RepoPersonal/clasesjavaPOO/TrabajoExtra_Jorge_Saavedra/src/trabajoextra_jorge_saavedra/Ejercicio_Uno.java</file>
            <file>file:/C:/RepoPersonal/clasesjavaPOO/TrabajoExtra_Jorge_Saavedra/src/trabajoextra_jorge_saavedra/Menu_Home.java</file>
            <file>file:/C:/RepoPersonal/clasesjavaPOO/TrabajoExtra_Jorge_Saavedra/src/trabajoextra_jorge_saavedra/Ejercicio_Dos.java</file>
            <file>file:/C:/RepoPersonal/clasesjavaPOO/TrabajoExtra_Jorge_Saavedra/src/trabajoextra_jorge_saavedra/Ejercicio_Tres.java</file>
        </group>
    </open-files>
</project-private>
